ordem;external_id;titulo;bairro_localizacao;preco;descricao;url_origem;fotos_total;foto_capa
1;c8d337f1fb9d2e0fcc67fc52434846d601e00e17;2 quartos com lazer completo no Jardim Cajazeiras;Porto Seco Pirajá;"R$ 252.990,00";"Golf Riviera, aproveite as condições do Minha Casa Minha Vida e saia do aluguel";https://www.imobssa.com.br/imovel/4129356/golf-riviera-jardim-cajazeiras-mrv;17;uploads/imobssa/c8d337f1fb9d2e0fcc67fc52434846d601e00e17/02.png
2;e8d512991fbbbfac9539ee0ab1fc1fc5516dece8;2 quartos com lazer completo no Jardim das Margaridas;Jardim das Margaridas;"R$ 239.906,00";"Seletto Salvador Norte, pertinho do Salvador Norte Shopping e com muito espaço reservado para sua felicidade | MCMV";https://www.imobssa.com.br/imovel/4142282/selleto-salvador-norte;22;uploads/imobssa/e8d512991fbbbfac9539ee0ab1fc1fc5516dece8/02.png
3;12941402da73df799133642836ef01a64fb217bd;Alto Paralela - 2 quartos na Av. Paralela;Itapuã;"R$ 240.000,00";"Que tal morar no melhor lugar da Av. Paralela, próximo a tudo que sua família precisa? | Minha Casa Minha Vida";https://www.imobssa.com.br/imovel/4128576/alto-paralela-stanza;24;uploads/imobssa/12941402da73df799133642836ef01a64fb217bd/02.png
4;24ca63c5789d05cb3d8a4f1178b7732034c68db2;"Ancoratto Jaguaribe, 2 e 3 quartos com lazer completo";Jaguaribe;"R$ 790.000,00";"Localizado no coração de Jaguaribe, com uma privilegiada vista para o mar, o Ancoratto é um projeto com alto padrão pronto para morar.";https://www.imobssa.com.br/imovel/4180875/ancoratto-jaguaribe;24;uploads/imobssa/24ca63c5789d05cb3d8a4f1178b7732034c68db2/02.png
5;ac84f72d02757dbc1d17762414b83bc1492c1991;"Art Studio Tancredo, um projeto desenhado para a valorização";Caminho das Árvores;"R$ 357.705,00";"Studio, Quarto e Sala e 2 quartos, um investimento de alto padrão da André Guimarães no principal eixo empresarial de Salvador";https://www.imobssa.com.br/imovel/4129897/art-studio-av-tancredo-neves-andre-guimaraes;19;uploads/imobssa/ac84f72d02757dbc1d17762414b83bc1492c1991/02.png
6;32926b7a4e44107344c1fa4890bc94300ec7d7f8;"Beach Class Bahia - Viva, more e invista nesse projeto único";Caminho das Árvores;"R$ 341.601,00";Um conceito urbano inédito em um empreendimento de altíssimo padrão integrado ao Shopping da Baha;https://www.imobssa.com.br/imovel/4131485/beach-class-shopping-bahia-md;21;uploads/imobssa/32926b7a4e44107344c1fa4890bc94300ec7d7f8/02.png
7;5a57690cb271d664b103c07756213584a89396bd;"Bela Vista Residencial, 2 quartos com lazer completo";Pernambués;"R$ 270.000,00";"Em Pernambués, uma localização que facilita sua vida | Minha Casa Minha Vida";https://www.imobssa.com.br/imovel/4156279/bela-vista-pernabues;18;uploads/imobssa/5a57690cb271d664b103c07756213584a89396bd/02.png
8;79d4250ea5b2b71a9fecf6a2de8946f2e2ceff1f;"Blue Sea, studio, 1 e 2 quartos em Stella Maris";Stella Maris;"R$ 443.088,00";"Lazer completo, a poucos passos da praia, onde o dia começa ao som do mar";https://www.imobssa.com.br/imovel/4208785/blue-sea-stella-maris;26;uploads/imobssa/79d4250ea5b2b71a9fecf6a2de8946f2e2ceff1f/02.png
9;8376948ed7a2060e49909353f15616b1b4d29198;"Bosque Caminho das Árvores, 2 suítes com lavabo";Caminho das Árvores;"R$ 978.000,00";"A arquitetura e a natureza em sintonia, criando espaços onde o bem-estar é floresce todos os dias.";https://www.imobssa.com.br/imovel/4156784/bosque-caminho-arvores-jvf;28;uploads/imobssa/8376948ed7a2060e49909353f15616b1b4d29198/02.png
10;00a8c7f16ff973aa449f1009abc8cee1aa859a8d;Brotas Prime: 2 suítes em Brotas com lazer completo;Campinas de Brotas;"R$ 369.667,00";2 suítes em Brotas com lazer completo e fácil acesso às principais vias da cidade. Ideal para morar ou investir;https://www.imobssa.com.br/imovel/4130778/brotas-prime;13;uploads/imobssa/00a8c7f16ff973aa449f1009abc8cee1aa859a8d/02.png
11;86de431ad3f175a3680a9608ca3cae6b1c89d175;"Conquista Boulevard Park, 1 e 2 quartos com lazer completo";Industrial;"R$ 210.000,00";"Na melhor região de Camaçari, porque viver perto de tudo e da vida que você sempre quis é outro nível | Minha Casa Minha Vida";https://www.imobssa.com.br/imovel/4145017/conquista-boulevard-park;23;uploads/imobssa/86de431ad3f175a3680a9608ca3cae6b1c89d175/02.png
12;b23897e4564e6e2634c932c0f2537411e351fd49;"Conquista Vila Verde, 1 e 2 quartos com lazer completo";Vila Verde;"R$ 224.990,00";More em um bairro planejado em frente ao Shopping Busca Vida | MINHA CASA MINHA VIDA;https://www.imobssa.com.br/imovel/4145029/conquista-vila-verde;26;uploads/imobssa/b23897e4564e6e2634c932c0f2537411e351fd49/02.png
13;426a433d4e2e75a5666f9db9f933c3294a55d65c;Conquiste seu apartamento em Lauro de Freitas;Abrantes;"R$ 228.000,00";"Conquista Lauro, 1 e 2 quartos para você viver grandes momentos | Minha Casa Minha Vida";https://www.imobssa.com.br/imovel/4129482/conquista-laurodefreitas-direcional;24;uploads/imobssa/426a433d4e2e75a5666f9db9f933c3294a55d65c/02.png
14;c42468e3661f3a87dc5487ad3f7e322a3b7333df;"Dom Horto Florestral, 4 quartos com muita sofisticação";Horto Florestal;"R$ 1.702.936,00";"Um projeto singular, que une exclusividade com lazer e conforto em grande estilo";https://www.imobssa.com.br/imovel/4195609/dom-horto-florestral;18;uploads/imobssa/c42468e3661f3a87dc5487ad3f7e322a3b7333df/02.png
15;f1278683553635622b2b52d1ed92fa6bfffa955d;"Duo Reserva Tangará, 2 quartos com lazer completo";Cajazeiras;"R$ 252.250,00";"Em Cajazeiras, perto do metrô e da nova rodoviária de Salvador. Venha ser feliz perto de tudo que te faz bem | Minha Casa Minha Vida";https://www.imobssa.com.br/imovel/4165693/duo-reserva-tangara-cajazeiras;13;uploads/imobssa/f1278683553635622b2b52d1ed92fa6bfffa955d/02.png
16;3772eb2a45f8387ec32d6c4249f8ef0cd4301969;"Encanto Piatã, 2 quartos com lazer e esturutura completa";Piatã;"R$ 250.000,00";Uma localiação incrível em Piatã | Minha Casa Minha Vida;https://www.imobssa.com.br/imovel/4132480/encanto-piata-tenda;32;uploads/imobssa/3772eb2a45f8387ec32d6c4249f8ef0cd4301969/02.png
17;c4f62b6bee9be63bd6723e8c0b3eb32869c24624;"Forte São Marcelo, apartamentos de 2 quartos em Areia Branca";Areia Branca;"R$ 208.000,00";"Lançamento Tenda em Salvador: Forte São Marcelo com piscina, lazer completo e entrada facilitada pelo MCMV.";https://www.imobssa.com.br/imovel/4129180/forte-sao-marcelo-tenda;20;uploads/imobssa/c4f62b6bee9be63bd6723e8c0b3eb32869c24624/02.png
18;a549725b2a821e4534a51c1b7a58174bd6993a01;"Gal Urban Beach Living, 1 e 2 quartos em Pituaçu";Pituaçu;"R$ 592.295,00";"Na Praia do Corsário, com arquitetura em sintonia com a imensidão do mar";https://www.imobssa.com.br/imovel/4184615/gal-pituacu-praia-corsario;25;uploads/imobssa/a549725b2a821e4534a51c1b7a58174bd6993a01/02.png
19;1f79d4aaafe886a3d597a0caa5d0828bb796ac35;"Imbui Class, 2 e 3 quartos, com lazer completo no Imbuí";Imbuí;"R$ 533.520,00";"O Imbuí é um lugar incrivel para se viverl. Prático, confortável e com fácil acesso a tudo. Conheça o Imbuí Class e escolha sua nova morada.";https://www.imobssa.com.br/imovel/4150380/imbui-class;22;uploads/imobssa/1f79d4aaafe886a3d597a0caa5d0828bb796ac35/02.png
20;589e5a5a3088a35d9d08036d03ec47c537f51d06;Jardim das Tulipas: 2 quartos com suíte no Jardim Brasília;Jardim Brasília;"R$ 377.616,00";"Conforto, exclusividade e praticidade de uma localização estratégica";https://www.imobssa.com.br/imovel/4132724/jardim-tulipas-pernambues;14;uploads/imobssa/589e5a5a3088a35d9d08036d03ec47c537f51d06/02.png
21;34e5ffef1d2e51263482f8287c3abeca55ef19b3;"Jardim Patamares, 2 e 3 quartos com lazer completo";Piatã;"R$ 386.000,00";"Fácil de comprar, morar e ser feliz em uma das regiões que mais se valoriza na cidade";https://www.imobssa.com.br/imovel/4132144/jardim-patamares-stanza;25;uploads/imobssa/34e5ffef1d2e51263482f8287c3abeca55ef19b3/02.png
22;fa1d807677bebef5d884b59b3839089dbcfc9238;"La Mar Jaguaribe, 3 suítes com lazer completo";Piatã;"R$ 1.461.828,00";"More de frente para o mar, em um dos trechos mais valorizados da orla de Salvador, Jaguaribe.";https://www.imobssa.com.br/imovel/4184159/lamar-jaguaribe-grafico;29;uploads/imobssa/fa1d807677bebef5d884b59b3839089dbcfc9238/02.png
23;5c56b2a9b2a4e4d859ee814df488fce3fa5cd6bd;Mood Club Costa Azul | 2 e 3 quartos com lazer completo;Costa Azul;"R$ 490.909,00";"A Moura Doubex traz o empreendimento com localização que sempre desejou, com o conforto que sempre quis.";https://www.imobssa.com.br/imovel/4129700/mood-club-costa-azul-moura-doubex;31;uploads/imobssa/5c56b2a9b2a4e4d859ee814df488fce3fa5cd6bd/02.png
24;f9475ae562cbff95a77f3b283cf874a1d66c2578;"Morada das Estações, 2 quartos com lazer completo";Mussurunga I;"R$ 245.000,00";"Tenha mais tempo morando na Av. Aliomar Baleeiro, perto de tudo que precisa | Minha Casa Minha Vida";https://www.imobssa.com.br/imovel/4149446/morada-estacaoes-tenda;21;uploads/imobssa/f9475ae562cbff95a77f3b283cf874a1d66c2578/02.png
25;11af5ee9bf6df682b29aea10d337215f82b6a660;"Morada Real, apartamentos de 2 quartos com lazer completo";Porto Seco Pirajá;"R$ 248.000,00";"Morada Real da Tenda em Porto Seco Pirajá: apartamentos de 2 quartos, lazer completo, ótima localização e condições pelo Minha Casa Minha Vida.";https://www.imobssa.com.br/imovel/4129189/morada-real-piraja-tenda;12;uploads/imobssa/11af5ee9bf6df682b29aea10d337215f82b6a660/02.png
26;162bb17ec5e2229b553f3f46f3e1afa392438211;More na Av. Paralela com lazer completo no Parque dos Condes;Mussurunga II;"R$ 254.990,00";"O Parque dos Condes MRV é o apartamento de 2 quartos ideal para quem busca uma boa localização, lazer completo e qualidade de vida | Minha Casa Minha Vida";https://www.imobssa.com.br/imovel/4129262/parque-condes-mrv-mussurunga;17;uploads/imobssa/162bb17ec5e2229b553f3f46f3e1afa392438211/02.png
27;84a533fd0abf2948cdb80ff5993df138eb968759;"Move Itaigara, 2 e 3 quartos no Itaigara | PRONTO PARA MORAR";Itaigara;"R$ 881.608,00";More no Itaigara em um condomínio com completa infraestrutura e dê mais tempo para sua vida.;https://www.imobssa.com.br/imovel/4183934/move-itaigara-sertenge;31;uploads/imobssa/84a533fd0abf2948cdb80ff5993df138eb968759/02.png
28;bc8642a7462e6372e4e02626c3a991ee4bb4408e;"Nest Rio Vermelho, 2 e 3 quartos com suíte e lazer completo";Rio Vermelho;"R$ 510.300,00";"Um refúgio para quem sonha alto, com infraestrutura de serviços completa do Rio Vermelho";https://www.imobssa.com.br/imovel/4195426/nest-rio-vermelho;20;uploads/imobssa/bc8642a7462e6372e4e02626c3a991ee4bb4408e/02.png
29;dbdc9a504a9543c430de5ad8d7548e290a5d6e43;"Nouvelle Bossa, 4 ou 5 suítes em frente ao mar de Jaguaribe";Jaguaribe;"R$ 3.590.258,00";Um novo empreendimento da Adnré Guimarães que chega para inspirar com exclusividade e sofisticação. O novo tom de luxo em Salvador.;https://www.imobssa.com.br/imovel/4190794/nouvelle-bossa-jaguaribe;40;uploads/imobssa/dbdc9a504a9543c430de5ad8d7548e290a5d6e43/02.png
30;911a132ec7ded4344cba95d774f0945e18f2a1e8;Ocean Side Jaguaribe: 2 e 3 quartos frente ao mar;Jaguaribe;"R$ 596.000,00";"Apartamentos de 2 e 3 quartos em frente à praia de Jaguaribe. Lazer completo, localização estratégica e alto potencial de valorização.";https://www.imobssa.com.br/imovel/4132873/ocean-side-jaguaribe-jvx;27;uploads/imobssa/911a132ec7ded4344cba95d774f0945e18f2a1e8/02.png
31;86769043522b7e57063b254b95bb22bbcfeca492;"Pituba Faclitys, studios no tamanho certo para investir";Pituba;"R$ 254.000,00";"Localização privilegiada para um projeto que une modernidade, praticiade e conforto para um retorno garantido";https://www.imobssa.com.br/imovel/4130545/pituba-facilitys-lsn;13;uploads/imobssa/86769043522b7e57063b254b95bb22bbcfeca492/02.png
32;6bcda8c9147e63eda04f9c68733574ab894c10df;"Ponta do Inhambupe, um condomínio à beira-mar em Baixio";Palame;"R$ 707.250,00";"Lazer completo, serviços exclusivo onde a natureza permanece intacta e o tempo desacelera";https://www.imobssa.com.br/imovel/4142276/ponta-inhambupe-baixio;19;uploads/imobssa/6bcda8c9147e63eda04f9c68733574ab894c10df/02.png
33;25f4652a5b3bcf93245a081e2d01d46448d94e60;"Reserva da Mata em Sussuarana, 2 Quartos com Lazer completo";Mata Escura;"R$ 252.000,00";"A oportunidade para quem quer sair do aluguel com planejamento, segurança e estrutura para a família | Minha Casa Minha Vida";https://www.imobssa.com.br/imovel/4141252/reserva-mata-mrv;18;uploads/imobssa/25f4652a5b3bcf93245a081e2d01d46448d94e60/02.png
34;fd3f0b342179369d87a788f4aeb75b6148938e53;"Residencial Vista da Mangueira, 2 quartos com lazer completo";Parque Nascente do Rio Capivara;"R$ 204.000,00";"Em Camaçari, na Av. Alpha, próximo a tudo para que o cotidiano funcione sem complicação | Minha Casa Minha Vida";https://www.imobssa.com.br/imovel/4188956/vista-mangueira-tenda;24;uploads/imobssa/fd3f0b342179369d87a788f4aeb75b6148938e53/02.png
35;164c450ec717ebd501a0114178bc2e1fb495e298;"Rise Caminho das Árvores, 2 quartos com lazer completo";Caminho das Árvores;"R$ 875.624,00";"Conforto, praticidade e sofisticação feito para você no Caminho das Árvores";https://www.imobssa.com.br/imovel/4195625/rise-caminho-arvores;16;uploads/imobssa/164c450ec717ebd501a0114178bc2e1fb495e298/02.png
36;17ebd604d8df07bc630ed3a64c7f111a0a481af2;"Rivage Piatã, studios, 1 e 2 quartos em frente ao mar";Piatã;"R$ 317.100,00";"Viver em Piatã é ficar conectado ao mar, relaxar ao som das ondas e valorizar cada momento";https://www.imobssa.com.br/imovel/4184589/rivage-piata-sertenge;23;uploads/imobssa/17ebd604d8df07bc630ed3a64c7f111a0a481af2/02.png
37;0d2aa5d10acca418d635d03eb44cd7916ea6b04f;"Roof Aero, 2 quartos com lazer completo e muita praticidade";São Cristóvão;"R$ 254.000,00";"More perto do Salvador Norte Shopping, com fácil acesso ao Aeroporto e às principais vias da cidade, em um condomínio moderno | Minha Casa Minha Vida";https://www.imobssa.com.br/imovel/4143644/roof-aero-sao-cristovao;21;uploads/imobssa/0d2aa5d10acca418d635d03eb44cd7916ea6b04f/02.png
38;3bbfc96ca6bd26fb051fc39077d0ec7b67c0e2c7;"Sensia Patamares, 2 e 3 quartos com lazer completo";Piatã;"R$ 489.990,00";"O Sensia Patamares reúne localização estratégica, plantas flexíveis e uma estrutura de lazer completa. Esse é seu lugar no mundo.";https://www.imobssa.com.br/imovel/4163859/sensia-patamares;31;uploads/imobssa/3bbfc96ca6bd26fb051fc39077d0ec7b67c0e2c7/02.png
39;e5519e9c5d85e0737110034790e13a41ef9ba973;"Sensian Urban, 2 quartos com suíte e lazer completo no Stiep";Stiep;"R$ 478.990,00";Viva a praticiadde do seu novo endereço. Perto de tudo que sua família precisa para viver bem.;https://www.imobssa.com.br/imovel/4164266/sensia-urban-stiep;29;uploads/imobssa/e5519e9c5d85e0737110034790e13a41ef9ba973/02.png
40;bed0329e7518da11ec64090b7cbcafe9e7542a3d;"Solar dos Cajueiros, 2 quartos com lazer completo";Bairro da União;"R$ 248.000,00";"More em Abrantes, uma localização estratégica, com fácil acesso à Estrada do Coco | Minha Casa Minha Vida";https://www.imobssa.com.br/imovel/4134045/solar-cajueiros-abrantes;19;uploads/imobssa/bed0329e7518da11ec64090b7cbcafe9e7542a3d/02.png
41;ac6a958003e6477ff21bb384482763ba428132fb;"Solaris Camaçari, 2 quartos que cabe no seu bolso";Industrial;"R$ 218.000,00";Localização e estrutura de lazer que facilitam sua vida | Minha Casa Minha Vida;https://www.imobssa.com.br/imovel/4131272/solaris-camacari-tenda;20;uploads/imobssa/ac6a958003e6477ff21bb384482763ba428132fb/02.png
42;1e5dd4ebb3159f116da483b2db740b9195d6a30e;"Terraço Cabula, 3 quartos com suíte e lazer completo";Cabula;"R$ 530.000,00";Localização privilegiada em um projeto com tudo que você precisa para morar bem | Pronto para morar | Últimas unidades;https://www.imobssa.com.br/imovel/4161259/terraco-cabula;14;uploads/imobssa/1e5dd4ebb3159f116da483b2db740b9195d6a30e/02.png
43;ad03c9462d64189bfdf68c9c15d355c694d474c3;"Top Club Residencial, 2 quartos (suíte) pronto para morar";Vila Canária;"R$ 330.400,00";"Condomínio com lazer completo na Vila Canária, próximo a nova rodoviária de Salvador";https://www.imobssa.com.br/imovel/4156162/top-club-residencial-vila-canaria;16;uploads/imobssa/ad03c9462d64189bfdf68c9c15d355c694d474c3/02.png
44;46dc53d456aa14ecf76ebcad0c69fc4af717347a;"Vale das Tulipas, 2 quartos com lazer completo em Sussuarana";Sussuarana;"R$ 240.000,00";Estrutura de lazer completa e com fácil acesso a tudo que sua família precisa | Minha Casa Minha Vida;https://www.imobssa.com.br/imovel/4144094/vale-tulipas-sussuarana-tenda;24;uploads/imobssa/46dc53d456aa14ecf76ebcad0c69fc4af717347a/02.png
45;ee23214a2514ca243a8172f10c0d19ec812f911a;"Vale dos Lírios, 2 quartos com lazer completo em Sussuarana";Sussuarana;"R$ 243.000,00";Conquiste seu imóvel em uma região cercada de facilidades | Minha Casa Minha Vida;https://www.imobssa.com.br/imovel/4149758/vale-lirios-sussuarana;27;uploads/imobssa/ee23214a2514ca243a8172f10c0d19ec812f911a/02.png
46;53d770d6ad2662e9eafb2b9f6c3aae8b4062e49a;Ventura Patamares: 2 e 3 quartos com lazer completo;Patamares;"R$ 404.000,00";"Estrutura, lazer, conforto e comodidade com uma localização incrível Av. Orlando Gomes";https://www.imobssa.com.br/imovel/4132444/ventura-patamares-stanza;22;uploads/imobssa/53d770d6ad2662e9eafb2b9f6c3aae8b4062e49a/02.png
47;15a9bf9f9a5295d41b7a26f6d40e2968f28b4dab;"Vila Laura Prime, 2 quartos com lazer compleot";Matatu;"R$ 262.990,00";"Saia do aluguel e more na Vila Laura, com fácil acesso a tudo que você precisa | Minha Casa Minha Vida";https://www.imobssa.com.br/imovel/4168233/vila-laura-prime-tenda;25;uploads/imobssa/15a9bf9f9a5295d41b7a26f6d40e2968f28b4dab/02.png
48;5719c5757d2dcbac809ebd06f895b2e7d89c3fa6;"Villaggio Jardins, O primeiro Home Resort da Prima";Cidade Jardim;"R$ 1.255.060,00";"3 e 4 suítes, no coração da Cidade Jardins, para quem busca uma nova forma de morar com muito mais qualidade";https://www.imobssa.com.br/imovel/4182687/villaggio-jardins-prima;38;uploads/imobssa/5719c5757d2dcbac809ebd06f895b2e7d89c3fa6/02.png
49;6a8b046a481a6a760c856b8254153f5469a26ebb;"Viv Rio Vermelho, 3 quartos com suíte e varanda";Rio Vermelho;"R$ 538.000,00";"Viva o bairro mais pulsante de Salvador com lazer diferenciado, arquitetura contemporânea e uma localização que torna sua vida mais completa.";https://www.imobssa.com.br/imovel/4145080/viv-rio-vermelho;35;uploads/imobssa/6a8b046a481a6a760c856b8254153f5469a26ebb/02.png
50;8d73feb7fac071ed0e1af34d08167efcfb6d8478;Viva seus melhore momentos no Makai na Praia do Forte;Praia do Forte;"R$ 565.000,00";"Casas de 2, 3 ou 4 suítes, de alto padrão, ao lado da Lagoa Árua";https://www.imobssa.com.br/imovel/4134168/makai-casas-praia-do-forte;16;uploads/imobssa/8d73feb7fac071ed0e1af34d08167efcfb6d8478/02.png
51;36c409de28311377c570062076eb608e3c289fa7;"Vivai São Rafael, 2 quartos ou 2 suítes e lazer completo";São Marcos;"R$ 321.807,00";"O Vivai São Rafael foi planejado para quem quer morar bem localizado, com lazer completo e plantas inteligentes que cabem no orçamento";https://www.imobssa.com.br/imovel/4159063/vivai-sao-rafael;23;uploads/imobssa/36c409de28311377c570062076eb608e3c289fa7/02.png
52;c5d6328636d241ead2bb2d0265619eec41608db2;"Vivenda Real, 2 quartos com lazer completo";Porto Seco Pirajá;"R$ 240.000,00";"Porto Seco Pirajá, pertinho da nova rodoviária e de tudo para sua família viver melhor | Minha Casa Minha Vida";https://www.imobssa.com.br/imovel/4149706/vivenda-real-porto-seco-piraja;22;uploads/imobssa/c5d6328636d241ead2bb2d0265619eec41608db2/02.png
53;e2ff068ae019bb8595b13528abb52b427ba1fc62;"Vivere Blu, 2 suítes com lazer completo no Costa Azul";Costa Azul / Jardim de Alah;"R$ 701.400,00";"Viva o Costa Azul do seu jeito, com uma paisagem que inspirar e transforma o seu dia";https://www.imobssa.com.br/imovel/4195479/vivere-blu-costa-azul;21;uploads/imobssa/e2ff068ae019bb8595b13528abb52b427ba1fc62/02.png
54;b45324c235056921be2f089559ccc28c6b120908;"Vivver Exclusive, 2 quartos com suíte em Sussuarana";Novo Horizonte;"R$ 260.453,00";"Venha morar com conforto, lazer e facilidades em uma região em constante crescimento";https://www.imobssa.com.br/imovel/4133756/vivver-exclusive-sussuarana;18;uploads/imobssa/b45324c235056921be2f089559ccc28c6b120908/02.png
55;445d5bcb0f74587ca229904fbf9141ee9825aaa8;"Vog Itapuã, 2 suítes com varanda e lazer completo";Itapuã;"R$ 405.719,00";"Conforto, espaço e praticidade na Av. Dorival Caymmi. Viva a vida em Itapúã";https://www.imobssa.com.br/imovel/4161790/vog-itapua;20;uploads/imobssa/445d5bcb0f74587ca229904fbf9141ee9825aaa8/02.png
56;c4edc55f5e9870b99ee25313d65153e584b61fa2;"Yu Corsário Smart Hub, studios em frente ao mar";Pituaçu;"R$ 361.268,00";"Um projeto que une design contemporâneo, funcionalidade e uma estrutura completa de serviços na nova orla da Praia do Corsário";https://www.imobssa.com.br/imovel/4145218/yu-corsario-smart-hub;19;uploads/imobssa/c4edc55f5e9870b99ee25313d65153e584b61fa2/02.png